page,index,render,anchor,href,product,product_key,merchant,category,position,network
/anti-theft-crossbody-bag-guide,1,static,前往 momo 查看目前規格與價格 →,https://s.momoshop.com.tw/s/HoLv7ksQ,Pacsafe V 防盜城市斜肩包 5L,pacsafe_v_crossbody_5l,momo,anti_theft_bag,branded_product,momo
/anti-theft-crossbody-bag-guide,2,static,前往蝦皮查看目前規格與價格 →,https://s.shopee.tw/Lm4PqAlxr,OZUKO 機能防盜單肩包,ozuko_anti_theft_sling,shopee,anti_theft_bag,primary_product,shopee
/esim/china-routing-2026,1,static,看 JOYTEL 越南原生 eSIM →,https://afflink.one/s/SNmCj,,,,,,
/esim/china,1,static,前往 JOYTEL 查看日韓方案 →,https://afflink.one/s/zf2Z8,,,,,,
/esim/china,2,static,查看 JOYTEL 日韓方案 →,https://afflink.one/s/zf2Z8,,,,,,
/esim/install,1,static,查看 JOYTEL eSIM 方案 →,https://linkgo.one/s/I6wBM,,,,,,
/esim/japan,1,static,前往 JOYTEL 查看日本方案 →,https://onelink.one/s/z4xjt,,,,,,
/esim/japan,2,static,查看 JOYTEL 日本 eSIM 方案 →,https://onelink.one/s/z4xjt,,,,,,
/esim/joytel,1,static,前往 JOYTEL 查看方案與目前優惠 →,https://afflink.one/s/zf2Z8,JOYTEL eSIM 方案目錄,collection_joytel_esim_catalog,joytel,esim,joytel_summary_inline,affiliates_one
/esim/joytel,2,static,查看 JOYTEL 方案與目前優惠 →,https://afflink.one/s/zf2Z8,JOYTEL eSIM 方案目錄,collection_joytel_esim_catalog,joytel,esim,joytel_article_bottom,affiliates_one
/esim/korea,1,static,前往 JOYTEL 查看韓國方案 →,https://onelink.one/s/LsI9l,,,,,,
/esim/korea,2,static,查看 JOYTEL 韓國 eSIM 方案 →,https://onelink.one/s/LsI9l,,,,,,
/esim/overseas-internet-guide,1,static,越南 Viettel 原生 eSIM,https://linkgo.one/s/qG9cT,,,,,,
/esim/overseas-internet-guide,2,static,看 JOYTEL 越南原生 eSIM →,https://afflink.one/s/SNmCj,,,,,,
/esim/saigon-airport-sim,1,static,查看越南 Viettel 5G eSIM →,https://linkgo.one/s/qG9cT,KKday 越南 Viettel 5G eSIM,kkday_vietnam_viettel_5g_esim,kkday,esim,airport_viettel_option,affiliates_one
/esim/troubleshoot,1,static,JOYTEL 方案一覽,https://afflink.one/s/zf2Z8,,,,,,
/esim/troubleshoot,2,static,查看 JOYTEL 方案 →,https://afflink.one/s/zf2Z8,,,,,,
/esim,1,static,查看 JOYTEL 日本三電信 eSIM → （另開分頁）,https://afflink.one/s/5SmIS,JOYTEL 日本三電信 eSIM,,,esim,esim_quick_decision,affiliates_one
/esim,2,static,查看 Klook 日本 eSIM → （另開分頁）,https://onelink.one/s/LeROS,Klook 日本 eSIM,,,esim,esim_quick_decision,affiliates_one
/esim,3,static,查看 JOYTEL 韓國雙電信 eSIM → （另開分頁）,https://afflink.one/s/qCGku,JOYTEL 韓國雙電信 eSIM,,,esim,esim_quick_decision,affiliates_one
/esim,4,static,查看 Klook 韓國 5G eSIM → （另開分頁）,https://linkgo.one/s/qK25E,Klook 韓國 5G eSIM,,,esim,esim_quick_decision,affiliates_one
/esim,5,static,查看 KKday 越南 eSIM → （另開分頁）,https://onelink.one/s/nnjWf,KKday 越南 eSIM,,,esim,esim_quick_decision,affiliates_one
/esim,6,static,KKday,https://onelink.one/s/nnjWf,,,,,,
/esim,7,static,前往 KKday 查看越南 eSIM 方案 →,https://onelink.one/s/nnjWf,,,,,,
/first-trip-packing-list,1,static,蝦皮 BAGSMART 6件組 → （另開分頁）,https://s.shopee.tw/9V1znny2lb,BAGSMART 6件組旅行壓縮收納袋,,,packing-organizer,packing-recommendation,shopee
/first-trip-packing-list,2,static,momo BAGSMART BLAST → （另開分頁）,https://s.momoshop.com.tw/s/6f8WFW16,BAGSMART BLAST 旅行壓縮收納袋,,,packing-organizer,packing-recommendation,momo
/first-trip-packing-list,3,static,momo 查看 → （另開分頁）,https://s.momoshop.com.tw/s/adj8XGZ3,eminent KK60 24吋前開式行李箱,,,luggage,luggage-recommendation,momo
/first-trip-packing-list,4,static,蝦皮比價 → （另開分頁）,https://s.shopee.tw/AUuWzXaO2N,eminent KK60 24吋前開式行李箱,,,luggage,luggage-recommendation,shopee
/japan-guide,1,static,Klook 看價格 →,https://onelink.one/s/C0O6S,,,,,,
/japan-guide,2,static,Klook 看行程 →,https://afflink.one/s/PvT51,,,,,,
/japan-guide,3,static,Klook 比價 →,https://onelink.one/s/NYWXk,,,,,,
/japan-guide,4,static,Klook 查票價 →,https://linkgo.one/s/Jo3ZM,,,,,,
/japan-guide,5,static,Klook 買 JR Pass →,https://linkgo.one/s/fK2k4,,,,,,
/kids-travel-amazing-bay,1,static,Klook 看價格 →,https://onelink.one/s/eoBIW,,,,,,
/kids-travel-amazing-bay,2,static,KKday 看價格 →,https://onelink.one/s/SON7H,,,,,,
/kids-travel-amazing-bay,3,static,越南 eSIM,https://linkgo.one/s/OaQex,,,,,,
/kids-travel-amazing-bay,4,static,eSIM,https://linkgo.one/s/OaQex,,,,,,
/kids-travel-guide,1,static,查看 The Mira Central Park 訂房 →,https://afflink.one/s/8MRqX,,,,,,
/kids-travel-guide,2,static,越南 eSIM,https://linkgo.one/s/OaQex,,,,,,
/kids-travel-guide,3,static,eSIM,https://linkgo.one/s/OaQex,,,,,,
/korea-guide,1,static,Klook 預訂韓服 →,https://afflink.one/s/NOtgn,,,,,,
/korea-guide,2,static,Klook 查票價 →,https://linkgo.one/s/I81MD,,,,,,
/korea-guide,3,static,Klook 看行程 →,https://onelink.one/s/INyuw,,,,,,
/korea-guide,4,static,Klook 買列車票 →,https://linkgo.one/s/dWtAb,,,,,,
/saigon-couple-walk,1,static,越南 eSIM,https://linkgo.one/s/OaQex,,,,,,
/thsr-guide,1,static,→ Klook 台灣高鐵優惠方案,https://linkgo.one/s/WpaT2,,,,,,
/thsr-guide,2,static,→ KKday 晚鳥高鐵票看這裡,https://afflink.one/s/LoVuC,,,,,,
/thsr-guide,3,static,查看 KKday 高鐵優惠 →,https://afflink.one/s/LoVuC,,,,,,
/vietnam-girls-packing,1,static,可以先比價防曬,https://coupa.ng/cnc3Dz?abTestInfo=100412_group_A,安耐曬 金鑽高效防曬乳,,,sunscreen,quick_prepare,coupang
/vietnam-girls-packing,2,static,家裡沒有再補防蚊,https://coupa.ng/cnc3H4?abTestInfo=100412_group_A,叮嚀 派卡瑞丁 10H 小黑蚊防蚊液,,,mosquito_repellent,quick_prepare,coupang
/vietnam-girls-packing,3,static,先看個人清潔用品,https://coupa.ng/cnKCOY?abTestInfo=100412_group_A,Caela 女性私密處清潔液 旅行組 陽光梨綠,,,personal_care,quick_prepare,coupang
/vietnam-girls-packing,4,static,確認充電配件,https://coupa.ng/cnc3yV?abTestInfo=100412_group_A,CYKE 65W 氮化鎵充電器,,,gan_charger,quick_prepare,coupang
/vietnam-girls-packing,5,static,看看防盜小包,https://coupa.ng/cnc3qG?abTestInfo=100412_group_A,TRAVELON 輕便防盜斜背包,,,anti_theft_bag,quick_prepare,coupang
/vietnam-girls-packing,6,static,酷澎優先查看 →,https://coupa.ng/cnc3Dz?abTestInfo=100412_group_A,安耐曬 金鑽高效防曬乳,,,sunscreen,product_card,coupang
/vietnam-girls-packing,7,static,👉 打開蝦皮補充清單,https://collshp.com/andyho8431/category/3834915?share_channel_code=6&view=storefront,越南女生防曬補充清單,,,sunscreen,category_list,shopee
/vietnam-girls-packing,8,static,酷澎優先查看 →,https://coupa.ng/cnc3H4?abTestInfo=100412_group_A,叮嚀 派卡瑞丁 10H 小黑蚊防蚊液,,,mosquito_repellent,product_card,coupang
/vietnam-girls-packing,9,static,看 Caela 旅行組 →,https://coupa.ng/cnKCOY?abTestInfo=100412_group_A,Caela 女性私密處清潔液 旅行組 陽光梨綠,,,personal_care,product_card,coupang
/vietnam-girls-packing,10,static,酷澎優先查看 →,https://coupa.ng/cnc3qG?abTestInfo=100412_group_A,TRAVELON 輕便防盜斜背包,,,anti_theft_bag,product_card,coupang
/vietnam-girls-packing,11,static,看濕式衛生紙 →,https://coupa.ng/cnKD7Q?abTestInfo=100412_group_A,兒樂 超純水濕式衛生紙,,,hygiene,product_card,coupang
/vietnam-girls-packing,12,static,酷澎優先查看 →,https://coupa.ng/cnc3yV?abTestInfo=100412_group_A,CYKE 65W 氮化鎵充電器,,,gan_charger,product_card,coupang
/vietnam-girls-packing,13,static,👉 越南旅遊小物・蝦皮補充清單,https://collshp.com/andyho8431/category/3834915?share_channel_code=6&view=storefront,越南女生旅行小物清單,,,travel_essentials,article_bottom,shopee
/vietnam-guide,1,static,查看快速通關方案 →,https://linkgo.one/s/eKT34,,,,,,
/vietnam-guide,2,static,看 eSIM 越南方案 →,https://linkgo.one/s/4xkXO,,,,,,
/vietnam-jcb-lounge,1,static,JOYTEL,https://afflink.one/s/zf2Z8,,,,,,
/vietnam-jcb-lounge,2,static,JOYTEL eSIM,https://afflink.one/s/zf2Z8,,,,,,
/vietnam-mosquito-repellent,1,static,酷澎補充比價 →,https://coupa.ng/cnc3H4?abTestInfo=100412_group_A,叮嚀 派卡瑞丁 10H 小黑蚊防蚊液,dintin_picaridin_10h,coupang,mosquito_repellent,picaridin_product_card,coupang
/vietnam-mosquito-repellent,2,static,👉 打開蝦皮越南防蚊用品清單,https://collshp.com/andyho8431/category/3834915?share_channel_code=6&view=storefront,越南防蚊用品蝦皮清單,collection_vietnam_travel_essentials,shopee,travel_essentials,mosquito_collection,shopee
/vietnam-packing-list,1,static,👉 打開蝦皮越南必備清單,https://collshp.com/andyho8431/category/3834915?share_channel_code=6&view=storefront,越南旅遊用品蝦皮清單,collection_vietnam_travel_essentials,shopee,travel_essentials,packing_collection,shopee
/vietnam-packing-list,2,static,eminent 萬國通路 KK60,https://s.momoshop.com.tw/s/llZBggFG,eminent 萬國通路 KK60 24吋前開行李箱,eminent_kk60_24_front_open,momo,luggage,vietnam_packing_luggage_option,momo
/vietnam-travel-essentials,1,static,查看蝦皮商品 →,https://s.shopee.tw/Lm4PqAlxr,OZUKO 機能防盜單肩包,,,anti_theft_bag,decision_primary_shopee,shopee
/vietnam-travel-essentials,2,static,查看 momo 商品 →,https://s.momoshop.com.tw/s/HoLv7ksQ,Pacsafe V 防盜城市斜肩包 5L,,,anti_theft_bag,decision_primary_momo,momo
/vietnam-travel-essentials,3,static,再打開完整蝦皮清單,https://collshp.com/andyho8431/category/3834915?share_channel_code=6&view=storefront,越南旅遊必備清單,,,travel_essentials,decision_secondary_list,shopee
/vietnam-travel-essentials,4,static,酷澎補充比價 →,https://coupa.ng/cnc3Dz?abTestInfo=100412_group_A,安耐曬 金鑽高效防曬乳,,,sunscreen,product_card,coupang
/vietnam-travel-essentials,5,static,酷澎補充比價 →,https://coupa.ng/cnc3H4?abTestInfo=100412_group_A,叮嚀 派卡瑞丁 10H 小黑蚊防蚊液,,,mosquito_repellent,product_card,coupang
/vietnam-travel-essentials,6,static,酷澎補充比價 →,https://coupa.ng/cnc3yV?abTestInfo=100412_group_A,CYKE 65W 氮化鎵充電器,,,gan_charger,product_card,coupang
/vietnam-travel-essentials,7,static,酷澎補充比價 →,https://coupa.ng/cnc3qG?abTestInfo=100412_group_A,TRAVELON 輕便防盜斜背包,,,anti_theft_bag,product_card,coupang
/vietnam-travel-essentials,8,static,Pacsafe V 防盜城市斜肩包,https://s.momoshop.com.tw/s/HoLv7ksQ,Pacsafe V 防盜城市斜肩包 5L,,,anti_theft_bag,essentials_branded_option,momo
/vietnam-travel-essentials,9,static,👉 打開蝦皮越南必備清單,https://collshp.com/andyho8431/category/3834915?share_channel_code=6&view=storefront,越南旅遊必備清單,,,travel_essentials,secondary_list,shopee
/vietnam-travel-essentials,10,static,越南旅遊必備小物・蝦皮精選清單 →,https://collshp.com/andyho8431/category/3834915?share_channel_code=6&view=storefront,越南旅遊必備清單,,,travel_essentials,article_bottom_list,shopee
/esim-quiz,1,dynamic,查看 JOYTEL 日本方案 →,https://onelink.one/s/z4xjt?sub_id=quiz,JOYTEL 日本 eSIM 方案,collection_joytel_japan_esim,joytel,esim,quiz_result,affiliates_one
/esim-quiz,2,dynamic,查看 JOYTEL 韓國方案 →,https://onelink.one/s/LsI9l?sub_id=quiz,JOYTEL 韓國 eSIM 方案,collection_joytel_korea_esim,joytel,esim,quiz_result,affiliates_one
/esim-quiz,3,dynamic,查看越南 Viettel 原生 eSIM →,https://afflink.one/s/SNmCj?sub_id=quiz,JOYTEL 越南 Viettel eSIM 方案,collection_joytel_vietnam_esim,joytel,esim,quiz_result,affiliates_one
/esim-quiz,4,dynamic,查看越南 Viettel 5G eSIM →,https://linkgo.one/s/qG9cT?sub_id=quiz,KKday 越南 Viettel 5G eSIM,kkday_vietnam_viettel_5g_esim,kkday,esim,quiz_result,affiliates_one
