file,editorial_html_equal_after_excluding_scripts_metadata_and_moved_disclosure,baseline_sha256,repair_sha256
about.html,True,3cba5687e1c6123f04fa54d21397ef0b4578b05361d7f9e7f6efbd42d4e9df84,3cba5687e1c6123f04fa54d21397ef0b4578b05361d7f9e7f6efbd42d4e9df84
affiliate-disclosure.html,True,7ccc76c748296972db781be2348bdade35957fc2912336a9f201413c812fd956,7ccc76c748296972db781be2348bdade35957fc2912336a9f201413c812fd956
anti-theft-crossbody-bag-guide.html,True,48c91d2435a2f6a810fc8e3173d91e35c06e1e5197d6a6e44a81687c56ebdcd9,48c91d2435a2f6a810fc8e3173d91e35c06e1e5197d6a6e44a81687c56ebdcd9
contact.html,True,1af43b0344ab749a626dc4292166d41d7e697157e97989f936c5542129fae491,1af43b0344ab749a626dc4292166d41d7e697157e97989f936c5542129fae491
drink-a-glass-of-water.html,True,48fa96bf5fdf7181210cb9687ac439c863fa6db2eaeb4a59816d1cdc19f7f577,48fa96bf5fdf7181210cb9687ac439c863fa6db2eaeb4a59816d1cdc19f7f577
en.html,True,927e14f39783ccc6ea13ca13b46ef6ba302caa7a3940be2818091a3b4e09a522,927e14f39783ccc6ea13ca13b46ef6ba302caa7a3940be2818091a3b4e09a522
esim-quiz.html,True,43891086664223e2a916d5c0bd2141cf7aa32a9103b0388b4da5a9e0209f4041,43891086664223e2a916d5c0bd2141cf7aa32a9103b0388b4da5a9e0209f4041
esim.html,True,698fa3bd8cf0192bf502f67d54a4f7b7081a9816102ef98efe022687d4d327df,698fa3bd8cf0192bf502f67d54a4f7b7081a9816102ef98efe022687d4d327df
first-trip-packing-list.html,True,56f7ede487304c88c48c7413bb1d90295d1cb77c951091e43dbb1c127f8f609a,56f7ede487304c88c48c7413bb1d90295d1cb77c951091e43dbb1c127f8f609a
index.html,True,8e2416133f3ddede67680d60603725bf8b4e7e908eaa09363e9a95874730e33d,8e2416133f3ddede67680d60603725bf8b4e7e908eaa09363e9a95874730e33d
japan-guide.html,True,b0e4238bc6e092188919c6037be8c31ec35a647ac320200c3eacf266d9e6d82b,b0e4238bc6e092188919c6037be8c31ec35a647ac320200c3eacf266d9e6d82b
kids-travel-amazing-bay.html,True,2174ad943a231f8214242557edbb4d8b43f2ff331ce76c276518f22117c26483,2174ad943a231f8214242557edbb4d8b43f2ff331ce76c276518f22117c26483
kids-travel-guide.html,True,2d3dd9640efd89838492b43a6e1ac4f394133710c15b1fcf48deb696aa6b0378,2d3dd9640efd89838492b43a6e1ac4f394133710c15b1fcf48deb696aa6b0378
korea-guide.html,True,094936a4dd677c7e61ebfc4765737c65ae7bd4de1d8c35e22ea1d31f0f43e0d6,094936a4dd677c7e61ebfc4765737c65ae7bd4de1d8c35e22ea1d31f0f43e0d6
life-restart-naval.html,True,6de87c609f7f287d50902b45a3762bf87130a28f674b60a464931134d6bb85ce,6de87c609f7f287d50902b45a3762bf87130a28f674b60a464931134d6bb85ce
privacy.html,True,def4b3fa3200314f8877800166cca221a1ceaaecd33b68d1ef58dc3333ef98b9,def4b3fa3200314f8877800166cca221a1ceaaecd33b68d1ef58dc3333ef98b9
saigon-couple-walk.html,True,f51a3fe2f32f9f0c79a4c5d1292cfbdf17813ba4e18826b5b9fd8eb8f6751c56,f51a3fe2f32f9f0c79a4c5d1292cfbdf17813ba4e18826b5b9fd8eb8f6751c56
shopping.html,True,12f6ff908c8e186735aec793f262acebc746bfbfcdcd389a5e2ab3742423b714,12f6ff908c8e186735aec793f262acebc746bfbfcdcd389a5e2ab3742423b714
story.html,True,a9e98829fa8fc03d2fbf9d353a9753038d89e258fdc82b8efce67ae3fd772c01,a9e98829fa8fc03d2fbf9d353a9753038d89e258fdc82b8efce67ae3fd772c01
thsr-guide.html,True,d13e43e143bc2d717ea2bbfccf2a0aa3a9e5940991b02f47df16d2c820e23033,d13e43e143bc2d717ea2bbfccf2a0aa3a9e5940991b02f47df16d2c820e23033
vietnam-girls-packing.html,True,6b1823c467b3ce63050e2dd0749736762ee286fbf62fb1a3f05998d796f30017,6b1823c467b3ce63050e2dd0749736762ee286fbf62fb1a3f05998d796f30017
vietnam-guide.html,True,989f3201ed8f7a297b3264924b7cd90036b60bcd23807c0b97a0107a9d2c95bb,989f3201ed8f7a297b3264924b7cd90036b60bcd23807c0b97a0107a9d2c95bb
vietnam-jcb-lounge.html,True,45a63cdf6f25f4c8c9e816dafb9638700602ac57519bf56c6cd3e69d9c460055,45a63cdf6f25f4c8c9e816dafb9638700602ac57519bf56c6cd3e69d9c460055
vietnam-mosquito-repellent-guide.html,True,f5a9bbe53bf60750e5bb5a2957de7be88878f0d00add95cb0db51df68484319f,f5a9bbe53bf60750e5bb5a2957de7be88878f0d00add95cb0db51df68484319f
vietnam-mosquito-repellent.html,True,57827dfc8aa967286cdfd1e3e1977f540d812ed5aeb31fcf7b8e828a835f0a0a,57827dfc8aa967286cdfd1e3e1977f540d812ed5aeb31fcf7b8e828a835f0a0a
vietnam-packing-list.html,True,77090a07f0fe26e1902e32722d6ed3e446af8e9c20173cffc6fae7b0bfc68c64,77090a07f0fe26e1902e32722d6ed3e446af8e9c20173cffc6fae7b0bfc68c64
vietnam-taxi-app-guide.html,True,37d4d77ea70f58adf5546223bbb74f319e1a5e70d02e8bccbb99a8aad89d961e,37d4d77ea70f58adf5546223bbb74f319e1a5e70d02e8bccbb99a8aad89d961e
vietnam-travel-essentials.html,True,8446c08077acbe122945ae58391a045cffae3f8f7f4d29666f7bb320c152ed45,8446c08077acbe122945ae58391a045cffae3f8f7f4d29666f7bb320c152ed45
en/about.html,True,f30db92a50bf4dea96861b19822b028a269fbc2241032bb564fea43cddc69501,f30db92a50bf4dea96861b19822b028a269fbc2241032bb564fea43cddc69501
en/affiliate-disclosure.html,True,11dd5a5aa24c81edfe3186f2d33b4cd29bbbc85bc846a633755ea8c2044e602e,11dd5a5aa24c81edfe3186f2d33b4cd29bbbc85bc846a633755ea8c2044e602e
en/connectivity.html,True,392889f68782c9dbb9451e9c280752aa0f830309c94c96df335e97156ad02d6d,392889f68782c9dbb9451e9c280752aa0f830309c94c96df335e97156ad02d6d
en/contact.html,True,4d41f31ec5fe7af72d718a46b7a89e2c415581b0c959afd3294a65054ddd001e,4d41f31ec5fe7af72d718a46b7a89e2c415581b0c959afd3294a65054ddd001e
en/privacy.html,True,64168f5a5c0f6d3bec27bf7837ff622f86cf9248e547e22952afc3418f749c41,64168f5a5c0f6d3bec27bf7837ff622f86cf9248e547e22952afc3418f749c41
en/travel-gear.html,True,209746a7ccf6fd26de142fb9ad02482c9fae384dae29abf02c45bd373c06ae29,209746a7ccf6fd26de142fb9ad02482c9fae384dae29abf02c45bd373c06ae29
en/vietnam-travel-prep.html,True,f18b1f8d5ac5e2c50a5a690ecb71b1b6864d6b14e313cae725b4f372896d0114,f18b1f8d5ac5e2c50a5a690ecb71b1b6864d6b14e313cae725b4f372896d0114
esim/china-routing-2026.html,True,e5ee5d15e27d2ba56f5b0cbb137e61c823d198bae423f8f210e857cb4caafc55,e5ee5d15e27d2ba56f5b0cbb137e61c823d198bae423f8f210e857cb4caafc55
esim/china.html,True,04232baa9ae0eb8098eda32eb638aedbfe5097314415887a90b022dd40f320bf,04232baa9ae0eb8098eda32eb638aedbfe5097314415887a90b022dd40f320bf
esim/install.html,True,4ce4f9e86f51b5cb8fb5b7ed56b6845c1b2b2ba958987eb064468e5b06f92c8a,4ce4f9e86f51b5cb8fb5b7ed56b6845c1b2b2ba958987eb064468e5b06f92c8a
esim/japan.html,True,3d8f2899ce5bf75beb88667e352d3ae3abd907b228009bf95c996687d8450355,3d8f2899ce5bf75beb88667e352d3ae3abd907b228009bf95c996687d8450355
esim/joytel.html,True,de8c888626cc8e453042095fa48361cb7461b9b99a871f4e1e6f429df235b367,de8c888626cc8e453042095fa48361cb7461b9b99a871f4e1e6f429df235b367
esim/korea.html,True,c697371f903a56dc2fe1ec41db8530f6e8617c2d7b92d399e1361fca9dd43259,c697371f903a56dc2fe1ec41db8530f6e8617c2d7b92d399e1361fca9dd43259
esim/overseas-internet-guide.html,True,98cf8ebdbd9e8021a7e0802c484d35fd0804aeda56d5dba25117e3779d516a7f,98cf8ebdbd9e8021a7e0802c484d35fd0804aeda56d5dba25117e3779d516a7f
esim/saigon-airport-sim.html,True,e9b8e3e0f570cd749d0b745ab4ef621e6f6a26fe0108aa1d73cb5bbaaff68ae6,e9b8e3e0f570cd749d0b745ab4ef621e6f6a26fe0108aa1d73cb5bbaaff68ae6
esim/troubleshoot.html,True,3ef786b1a65c796a332d95033f21fb13e7dec02b4c715403e5b08af54d0d31aa,3ef786b1a65c796a332d95033f21fb13e7dec02b4c715403e5b08af54d0d31aa
