page,source,index,render,anchor,current_url,expected_merchant,chain,final_get_status,final_title,risk,action
/esim/china,src/pages/esim/china.astro,1,static,前往 JOYTEL 查看日韓方案 →,https://afflink.one/s/zf2Z8,joytel,301 https://afflink.one/s/zf2Z8 -> 200 https://shrturl.shop/track/clicks/8561/c627c2bc9b0127dbf88cec23d62e9e45216d49ce63b2a0f90f65b40471401de3c021e7e5593c99616c,200,shrturl.shop&nbsp;-&nbsp;该网站正在出售！&nbsp;-&nbsp;shrturl 资源和信息。,Confirmed domain-for-sale parking page; HTTP 200 is not merchant success,OWNER ACTION REQUIRED; href retained
/esim/china,src/pages/esim/china.astro,2,static,查看 JOYTEL 日韓方案 →,https://afflink.one/s/zf2Z8,joytel,301 https://afflink.one/s/zf2Z8 -> 200 https://shrturl.shop/track/clicks/8561/c627c2bc9b0127dbf88cec23d62e9e45216d49ce63b2a0f90f65b40471401de3c021e7e5593c99616c,200,shrturl.shop&nbsp;-&nbsp;该网站正在出售！&nbsp;-&nbsp;shrturl 资源和信息。,Confirmed domain-for-sale parking page; HTTP 200 is not merchant success,OWNER ACTION REQUIRED; href retained
/esim/japan,src/pages/esim/japan.astro,1,static,前往 JOYTEL 查看日本方案 →,https://onelink.one/s/z4xjt,joytel,301 https://onelink.one/s/z4xjt -> 200 https://shrturl.info/track/clicks/8561/c627c2bc9b0127dbf88cec23d62e9e45216d49ce63b2a0f90f65b40471401de3c021e7e5593c99616c?subid_1=%E9%83%A8%E8%90%BD%E6%A0%BC&subid_2=%E6%97%A5%E6%9C%ACESIM&subid_3=0422&t=https%253A%252F%252Fwww.joytel-tw.com%252Fcategories%252Fjapan,200,shrturl.info&nbsp;-&nbsp;该网站正在出售！&nbsp;-&nbsp;shrturl 资源和信息。,Confirmed domain-for-sale parking page; HTTP 200 is not merchant success,OWNER ACTION REQUIRED; href retained
/esim/japan,src/pages/esim/japan.astro,2,static,查看 JOYTEL 日本 eSIM 方案 →,https://onelink.one/s/z4xjt,joytel,301 https://onelink.one/s/z4xjt -> 200 https://shrturl.info/track/clicks/8561/c627c2bc9b0127dbf88cec23d62e9e45216d49ce63b2a0f90f65b40471401de3c021e7e5593c99616c?subid_1=%E9%83%A8%E8%90%BD%E6%A0%BC&subid_2=%E6%97%A5%E6%9C%ACESIM&subid_3=0422&t=https%253A%252F%252Fwww.joytel-tw.com%252Fcategories%252Fjapan,200,shrturl.info&nbsp;-&nbsp;该网站正在出售！&nbsp;-&nbsp;shrturl 资源和信息。,Confirmed domain-for-sale parking page; HTTP 200 is not merchant success,OWNER ACTION REQUIRED; href retained
/esim/joytel,src/pages/esim/joytel.astro,1,static,前往 JOYTEL 查看方案與目前優惠 →,https://afflink.one/s/zf2Z8,joytel,301 https://afflink.one/s/zf2Z8 -> 200 https://shrturl.shop/track/clicks/8561/c627c2bc9b0127dbf88cec23d62e9e45216d49ce63b2a0f90f65b40471401de3c021e7e5593c99616c,200,shrturl.shop&nbsp;-&nbsp;该网站正在出售！&nbsp;-&nbsp;shrturl 资源和信息。,Confirmed domain-for-sale parking page; HTTP 200 is not merchant success,OWNER ACTION REQUIRED; href retained
/esim/joytel,src/pages/esim/joytel.astro,2,static,查看 JOYTEL 方案與目前優惠 →,https://afflink.one/s/zf2Z8,joytel,301 https://afflink.one/s/zf2Z8 -> 200 https://shrturl.shop/track/clicks/8561/c627c2bc9b0127dbf88cec23d62e9e45216d49ce63b2a0f90f65b40471401de3c021e7e5593c99616c,200,shrturl.shop&nbsp;-&nbsp;该网站正在出售！&nbsp;-&nbsp;shrturl 资源和信息。,Confirmed domain-for-sale parking page; HTTP 200 is not merchant success,OWNER ACTION REQUIRED; href retained
/esim/troubleshoot,src/pages/esim/troubleshoot.astro,1,static,JOYTEL 方案一覽,https://afflink.one/s/zf2Z8,joytel,301 https://afflink.one/s/zf2Z8 -> 200 https://shrturl.shop/track/clicks/8561/c627c2bc9b0127dbf88cec23d62e9e45216d49ce63b2a0f90f65b40471401de3c021e7e5593c99616c,200,shrturl.shop&nbsp;-&nbsp;该网站正在出售！&nbsp;-&nbsp;shrturl 资源和信息。,Confirmed domain-for-sale parking page; HTTP 200 is not merchant success,OWNER ACTION REQUIRED; href retained
/esim/troubleshoot,src/pages/esim/troubleshoot.astro,2,static,查看 JOYTEL 方案 →,https://afflink.one/s/zf2Z8,joytel,301 https://afflink.one/s/zf2Z8 -> 200 https://shrturl.shop/track/clicks/8561/c627c2bc9b0127dbf88cec23d62e9e45216d49ce63b2a0f90f65b40471401de3c021e7e5593c99616c,200,shrturl.shop&nbsp;-&nbsp;该网站正在出售！&nbsp;-&nbsp;shrturl 资源和信息。,Confirmed domain-for-sale parking page; HTTP 200 is not merchant success,OWNER ACTION REQUIRED; href retained
/vietnam-jcb-lounge,src/pages/vietnam-jcb-lounge.astro,1,static,JOYTEL,https://afflink.one/s/zf2Z8,joytel,301 https://afflink.one/s/zf2Z8 -> 200 https://shrturl.shop/track/clicks/8561/c627c2bc9b0127dbf88cec23d62e9e45216d49ce63b2a0f90f65b40471401de3c021e7e5593c99616c,200,shrturl.shop&nbsp;-&nbsp;该网站正在出售！&nbsp;-&nbsp;shrturl 资源和信息。,Confirmed domain-for-sale parking page; HTTP 200 is not merchant success,OWNER ACTION REQUIRED; href retained
/vietnam-jcb-lounge,src/pages/vietnam-jcb-lounge.astro,2,static,JOYTEL eSIM,https://afflink.one/s/zf2Z8,joytel,301 https://afflink.one/s/zf2Z8 -> 200 https://shrturl.shop/track/clicks/8561/c627c2bc9b0127dbf88cec23d62e9e45216d49ce63b2a0f90f65b40471401de3c021e7e5593c99616c,200,shrturl.shop&nbsp;-&nbsp;该网站正在出售！&nbsp;-&nbsp;shrturl 资源和信息。,Confirmed domain-for-sale parking page; HTTP 200 is not merchant success,OWNER ACTION REQUIRED; href retained
/esim-quiz,src/pages/esim-quiz.astro,1,dynamic,查看 JOYTEL 日本方案 →,https://onelink.one/s/z4xjt?sub_id=quiz,joytel,301 https://onelink.one/s/z4xjt?sub_id=quiz -> 200 https://shrturl.info/track/clicks/8561/c627c2bc9b0127dbf88cec23d62e9e45216d49ce63b2a0f90f65b40471401de3c021e7e5593c99616c?subid_1=%E9%83%A8%E8%90%BD%E6%A0%BC&subid_2=%E6%97%A5%E6%9C%ACESIM&subid_3=0422&t=https%253A%252F%252Fwww.joytel-tw.com%252Fcategories%252Fjapan,200,shrturl.info&nbsp;-&nbsp;该网站正在出售！&nbsp;-&nbsp;shrturl 资源和信息。,Confirmed domain-for-sale parking page; HTTP 200 is not merchant success,OWNER ACTION REQUIRED; href retained
