page,href,anchor,render
/anti-theft-crossbody-bag-guide,https://s.momoshop.com.tw/s/HoLv7ksQ,前往 momo 查看目前規格與價格 →,static
/anti-theft-crossbody-bag-guide,https://s.shopee.tw/Lm4PqAlxr,前往蝦皮查看目前規格與價格 →,static
/esim/china-routing-2026,https://afflink.one/s/SNmCj,看 JOYTEL 越南原生 eSIM →,static
/esim/install,https://linkgo.one/s/I6wBM,查看 JOYTEL eSIM 方案 →,static
/esim/korea,https://onelink.one/s/LsI9l,前往 JOYTEL 查看韓國方案 →,static
/esim/korea,https://onelink.one/s/LsI9l,查看 JOYTEL 韓國 eSIM 方案 →,static
/esim/overseas-internet-guide,https://linkgo.one/s/qG9cT,越南 Viettel 原生 eSIM,static
/esim/overseas-internet-guide,https://afflink.one/s/SNmCj,看 JOYTEL 越南原生 eSIM →,static
/esim/saigon-airport-sim,https://linkgo.one/s/qG9cT,查看越南 Viettel 5G eSIM →,static
/esim,https://afflink.one/s/5SmIS,查看 JOYTEL 日本三電信 eSIM → （另開分頁）,static
/esim,https://onelink.one/s/LeROS,查看 Klook 日本 eSIM → （另開分頁）,static
/esim,https://afflink.one/s/qCGku,查看 JOYTEL 韓國雙電信 eSIM → （另開分頁）,static
/esim,https://linkgo.one/s/qK25E,查看 Klook 韓國 5G eSIM → （另開分頁）,static
/esim,https://onelink.one/s/nnjWf,查看 KKday 越南 eSIM → （另開分頁）,static
/esim,https://onelink.one/s/nnjWf,KKday,static
/esim,https://onelink.one/s/nnjWf,前往 KKday 查看越南 eSIM 方案 →,static
/first-trip-packing-list,https://s.shopee.tw/9V1znny2lb,蝦皮 BAGSMART 6件組 → （另開分頁）,static
/first-trip-packing-list,https://s.momoshop.com.tw/s/6f8WFW16,momo BAGSMART BLAST → （另開分頁）,static
/first-trip-packing-list,https://s.momoshop.com.tw/s/adj8XGZ3,momo 查看 → （另開分頁）,static
/first-trip-packing-list,https://s.shopee.tw/AUuWzXaO2N,蝦皮比價 → （另開分頁）,static
/japan-guide,https://onelink.one/s/C0O6S,Klook 看價格 →,static
/japan-guide,https://afflink.one/s/PvT51,Klook 看行程 →,static
/japan-guide,https://onelink.one/s/NYWXk,Klook 比價 →,static
/japan-guide,https://linkgo.one/s/Jo3ZM,Klook 查票價 →,static
/japan-guide,https://linkgo.one/s/fK2k4,Klook 買 JR Pass →,static
/kids-travel-amazing-bay,https://onelink.one/s/eoBIW,Klook 看價格 →,static
/kids-travel-amazing-bay,https://onelink.one/s/SON7H,KKday 看價格 →,static
/kids-travel-amazing-bay,https://linkgo.one/s/OaQex,越南 eSIM,static
/kids-travel-amazing-bay,https://linkgo.one/s/OaQex,eSIM,static
/kids-travel-guide,https://afflink.one/s/8MRqX,查看 The Mira Central Park 訂房 →,static
/kids-travel-guide,https://linkgo.one/s/OaQex,越南 eSIM,static
/kids-travel-guide,https://linkgo.one/s/OaQex,eSIM,static
/korea-guide,https://afflink.one/s/NOtgn,Klook 預訂韓服 →,static
/korea-guide,https://linkgo.one/s/I81MD,Klook 查票價 →,static
/korea-guide,https://onelink.one/s/INyuw,Klook 看行程 →,static
/korea-guide,https://linkgo.one/s/dWtAb,Klook 買列車票 →,static
/saigon-couple-walk,https://linkgo.one/s/OaQex,越南 eSIM,static
/thsr-guide,https://linkgo.one/s/WpaT2,→ Klook 台灣高鐵優惠方案,static
/thsr-guide,https://afflink.one/s/LoVuC,→ KKday 晚鳥高鐵票看這裡,static
/thsr-guide,https://afflink.one/s/LoVuC,查看 KKday 高鐵優惠 →,static
/vietnam-girls-packing,https://coupa.ng/cnc3Dz?abTestInfo=100412_group_A,可以先比價防曬,static
/vietnam-girls-packing,https://coupa.ng/cnc3H4?abTestInfo=100412_group_A,家裡沒有再補防蚊,static
/vietnam-girls-packing,https://coupa.ng/cnKCOY?abTestInfo=100412_group_A,先看個人清潔用品,static
/vietnam-girls-packing,https://coupa.ng/cnc3yV?abTestInfo=100412_group_A,確認充電配件,static
/vietnam-girls-packing,https://coupa.ng/cnc3qG?abTestInfo=100412_group_A,看看防盜小包,static
/vietnam-girls-packing,https://coupa.ng/cnc3Dz?abTestInfo=100412_group_A,酷澎優先查看 →,static
/vietnam-girls-packing,https://collshp.com/andyho8431/category/3834915?share_channel_code=6&view=storefront,👉 打開蝦皮補充清單,static
/vietnam-girls-packing,https://coupa.ng/cnc3H4?abTestInfo=100412_group_A,酷澎優先查看 →,static
/vietnam-girls-packing,https://coupa.ng/cnKCOY?abTestInfo=100412_group_A,看 Caela 旅行組 →,static
/vietnam-girls-packing,https://coupa.ng/cnc3qG?abTestInfo=100412_group_A,酷澎優先查看 →,static
/vietnam-girls-packing,https://coupa.ng/cnKD7Q?abTestInfo=100412_group_A,看濕式衛生紙 →,static
/vietnam-girls-packing,https://coupa.ng/cnc3yV?abTestInfo=100412_group_A,酷澎優先查看 →,static
/vietnam-girls-packing,https://collshp.com/andyho8431/category/3834915?share_channel_code=6&view=storefront,👉 越南旅遊小物・蝦皮補充清單,static
/vietnam-guide,https://linkgo.one/s/eKT34,查看快速通關方案 →,static
/vietnam-guide,https://linkgo.one/s/4xkXO,看 eSIM 越南方案 →,static
/vietnam-mosquito-repellent,https://coupa.ng/cnc3H4?abTestInfo=100412_group_A,酷澎補充比價 →,static
/vietnam-mosquito-repellent,https://collshp.com/andyho8431/category/3834915?share_channel_code=6&view=storefront,👉 打開蝦皮越南防蚊用品清單,static
/vietnam-packing-list,https://collshp.com/andyho8431/category/3834915?share_channel_code=6&view=storefront,👉 打開蝦皮越南必備清單,static
/vietnam-packing-list,https://s.momoshop.com.tw/s/llZBggFG,eminent 萬國通路 KK60,static
/vietnam-travel-essentials,https://s.shopee.tw/Lm4PqAlxr,查看蝦皮商品 →,static
/vietnam-travel-essentials,https://s.momoshop.com.tw/s/HoLv7ksQ,查看 momo 商品 →,static
/vietnam-travel-essentials,https://collshp.com/andyho8431/category/3834915?share_channel_code=6&view=storefront,再打開完整蝦皮清單,static
/vietnam-travel-essentials,https://coupa.ng/cnc3Dz?abTestInfo=100412_group_A,酷澎補充比價 →,static
/vietnam-travel-essentials,https://coupa.ng/cnc3H4?abTestInfo=100412_group_A,酷澎補充比價 →,static
/vietnam-travel-essentials,https://coupa.ng/cnc3yV?abTestInfo=100412_group_A,酷澎補充比價 →,static
/vietnam-travel-essentials,https://coupa.ng/cnc3qG?abTestInfo=100412_group_A,酷澎補充比價 →,static
/vietnam-travel-essentials,https://s.momoshop.com.tw/s/HoLv7ksQ,Pacsafe V 防盜城市斜肩包,static
/vietnam-travel-essentials,https://collshp.com/andyho8431/category/3834915?share_channel_code=6&view=storefront,👉 打開蝦皮越南必備清單,static
/vietnam-travel-essentials,https://collshp.com/andyho8431/category/3834915?share_channel_code=6&view=storefront,越南旅遊必備小物・蝦皮精選清單 →,static
/esim-quiz,https://onelink.one/s/LsI9l?sub_id=quiz,quiz existing trusted recommendation,dynamic
/esim-quiz,https://afflink.one/s/SNmCj?sub_id=quiz,quiz existing trusted recommendation,dynamic
/esim-quiz,https://linkgo.one/s/qG9cT?sub_id=quiz,quiz existing trusted recommendation,dynamic
